{
  "project_info": {
    "project_number": "141915251987",
    "firebase_url": "https://bugcatcher-8450e.firebaseio.com",
    "project_id": "bugcatcher-8450e",
    "storage_bucket": "bugcatcher-8450e.appspot.com"
  },
  "client": [
    {
      "client_info": {
        "mobilesdk_app_id": "1:141915251987:android:755045b0ddf05ecc38e6e6",
        "android_client_info": {
          "package_name": "net.skhu.bugcatcher"
        }
      },
      "oauth_client": [
        {
          "client_id": "141915251987-375emsojv135a9hu98pd3m4g9ggftrep.apps.googleusercontent.com",
          "client_type": 1,
          "android_info": {
            "package_name": "net.skhu.bugcatcher",
            "certificate_hash": "ca1f541fb3e9904f678eb6802d42c0394e341585"
          }
        },
        {
          "client_id": "141915251987-hol9h02135dn9ivgsoiff9g8qb4aqujj.apps.googleusercontent.com",
          "client_type": 3
        }
      ],
      "api_key": [
        {
          "current_key": "AIzaSyBSqviqLj5zyLWoUnG7OIKOQR0V9KiN7JA"
        }
      ],
      "services": {
        "appinvite_service": {
          "other_platform_oauth_client": [
            {
              "client_id": "141915251987-hol9h02135dn9ivgsoiff9g8qb4aqujj.apps.googleusercontent.com",
              "client_type": 3
            }
          ]
        }
      }
    }
  ],
  "configuration_version": "1"
}